{
  "Get Cart Items" : {
    "transaction" : "Get Cart Items",
    "sampleCount" : 300,
    "errorCount" : 0,
    "errorPct" : 0.0,
    "meanResTime" : 5628.576666666665,
    "medianResTime" : 5875.5,
    "minResTime" : 461.0,
    "maxResTime" : 11729.0,
    "pct1ResTime" : 8608.300000000001,
    "pct2ResTime" : 8939.95,
    "pct3ResTime" : 11132.82,
    "throughput" : 21.70138888888889,
    "receivedKBytesPerSec" : 199.23316107855902,
    "sentKBytesPerSec" : 2.6490953233506946
  },
  "Total" : {
    "transaction" : "Total",
    "sampleCount" : 300,
    "errorCount" : 0,
    "errorPct" : 0.0,
    "meanResTime" : 5628.576666666665,
    "medianResTime" : 5875.5,
    "minResTime" : 461.0,
    "maxResTime" : 11729.0,
    "pct1ResTime" : 8608.300000000001,
    "pct2ResTime" : 8939.95,
    "pct3ResTime" : 11132.82,
    "throughput" : 21.70138888888889,
    "receivedKBytesPerSec" : 199.23316107855902,
    "sentKBytesPerSec" : 2.6490953233506946
  }
}